Video,Video title,Video publish time,Views,Watch time (hours),Likes,Dislikes,Shares,Subscribers gained,Comments added,YouTube ad revenue (TWD)
69hkc-ibLZg,[娛??]奇數???9費??太??？用?????出來吧??石??),3-Feb-19,16217,2239.2777,136,12,14,53,35,2251.124
kEAa0-2HtAs,[精彩對決]衝刺?vs???瑪????血?樣?穿??石??),5-Feb-19,17229,1457.7331,195,7,9,31,29,1220.263
qGwUXnwLjsY,[娛??]三??數?任????????一次??給你聽??石??),11-Feb-19,8769,748.874,107,0,12,22,20,1046.628
C7vK5V8fQZg,[娛??]?????復活?????諷??石??),4-Jun-19,11017,1520.7899,84,4,15,28,21,2361.05
FUsmy-5ZHhs,[娛??]法傷????德??????????一?逆??面??(?石??),5-Jun-19,19218,1938.0633,156,15,25,70,18,4759.248
7dM5PCBZPks,[???]風暴Token????風暴???，?魚人也能變身大傳說?(?石??),6-Jun-19,8918,940.0849,83,4,16,23,7,1901.987
wsv-oYMmhuY,[平??]平????一張傳說都不用！???大?也??????大??石??),7-Jun-19,27616,2021.2266,264,14,171,124,29,5531.64
5NF4n0Tqv-4,[娛??]心火沉???????起?！牧師????緣?業?!(?石??),8-Jun-19,6631,664.7331,67,4,24,23,17,1270.728
TvVCpP-j81Q,[娛??]??????強??物?無法???一?殺??石??),9-Jun-19,9553,959.6805,93,6,21,16,12,1927.912
ba-OsKFmKEY,[娛??]大大??一?推????不?？???你怎麼??(?石??),10-Jun-19,14879,1712.8567,114,11,15,34,10,3389.595
djh-8NNX-d4,[?梯?]?頭超????膩?人?試試??快速爬梯好幫???(?石??),11-Jun-19,14696,1224.6302,173,4,168,73,21,2684.596
2FCHxXxkvbk,[娛??]機械心火??潛?機械??大???(?石??),11-Jun-19,5348,510.5997,54,1,18,13,8,1111.143
ostEjgj4lAw,[?石大??]#6 ??費?姆?-一張??透?大傳說?(?石??),13-Jun-19,20605,1749.389,197,20,25,95,35,5119.954
leO4kJWC6n0,[娛??]沒??牧-大??諷??警?！玩了?被???一套???石??),14-Jun-19,61912,6591.5356,597,38,297,269,66,17358.494
nSH_p6L71rc,[強勢?]機???對快??住??控碰碰??(?石??),15-Jun-19,9384,1348.8961,87,5,25,35,9,2105.39
UfgQNNmb-v0,[Combo?]?佩??龍獵-紅???????????(?石??),16-Jun-19,6136,450.4648,76,2,18,18,17,1299.162
tRSIT6rl_Qw,[???]節奏炸彈戰-誰說?士?????賊???(?石??),17-Jun-19,9756,952.4931,100,8,19,28,10,2040.996
7WblscCimsY,[Combo?]龍鷹???一???出?隻????石??),18-Jun-19,21551,2329.5732,170,22,26,60,38,5242.786
Ggkon_hf7NM,[平??]?白???不只平?，??拿來爬天梯??石??),19-Jun-19,7883,596.7524,101,4,37,32,26,1342.81
RJCxVVKwf-Y,[娛??]?頭?在2019?!?起來???秒殺對???石??),20-Jun-19,20866,1814.8714,232,18,86,45,42,5540.313
Er9B8nt2VXg,[?梯?]機械?????高???！???組當之無??(?石??),21-Jun-19,18039,1268.8056,176,8,174,70,36,3718.444
o-35kNEGyuE,[???]??節奏?-?卡??佔場?補?，????!(?石??),22-Jun-19,5623,604.8206,66,2,13,16,16,1453.286
xDlt1omnz9w,[娛??]香?token??1/1小怪叫起?！?費?術?強?????石??),23-Jun-19,8175,934.2335,88,2,18,24,19,1792.42
QApQ87_0czU,[???]??token??強???一輪?一輪?????波?(?石??),24-Jun-19,12835,1765.8605,140,5,41,24,23,3042.348
yRr4ZHgbAAU,[娛??]中速????起來就超強，卡起?下???(?石??),25-Jun-19,8265,672.3743,121,3,12,25,14,1828.748
BS3m6sIB7aQ,[???]機械?盾??讓????新?具，咻??????石??),26-Jun-19,10861,1193.7096,120,5,31,22,22,2368.033
pD6gulI9F1w,[娛??]????????痾?痾???????家?進???)(?石??),27-Jun-19,10409,1397.3143,131,9,8,23,39,1904.314
3a8Vf52eQm4,[娛??]心???????????消失??來玩一套?屬?????(?石??),28-Jun-19,7587,794.4389,59,4,9,14,14,1330.575
DmQYdez8xBU,[???]?老???-?制術?賈???????湖?(?石??),29-Jun-19,12995,1716.7521,136,11,29,23,28,2642.45
P9C2cMQan64,[娛??]奇???????找??賊???了?(?石??),30-Jun-19,7298,679.2601,102,9,10,14,18,1374.93
AWrXOdJb8fY,[主??]死聲機械??九命??+機械龍寶寶?三費7/7壓垮對???石??),1-Jul-19,9635,937.394,113,3,53,24,22,1613.866
u8bVToXTs5o,[???]棄?快攻????這部影???魅??是魅?...(?石??),3-Jul-19,10718,1223.972,113,7,11,18,25,1939.349
cKDvwic5mWo,[???]魚人秘???6??定???後???密者????影?QQ(?石??),5-Jul-19,7658,771.3439,105,4,28,13,22,1499.44
i6SIzsHM3og,[Combo?]???葬??就是要?點?點?????起來?????石??),8-Jul-19,11582,1492.6422,112,8,12,13,21,2010.485
YkpMDLoKYpY,[娛??]衝刺大大???????阿?利????作?(?石??),10-Jul-19,7881,1287.5876,93,10,10,15,20,1737.758
AnbLVvdUYyI,[?焰節?輯]???爾?尼??硬?黑石山?(?石??),12-Jul-19,8039,622.383,91,6,8,14,23,689.629
NPAqvNWFyqo,[?石大?決]#5 ??賊vs翠??誰????大魔???石??),13-Jul-19,16609,1408.6248,165,32,2,23,23,3132.103
cL69mnBHkV4,[平??]平?機械??沒?魔塵，???????體??覺??石??),15-Jul-19,9186,722.8878,97,3,44,19,21,1532.982
56XHWEmjNuI,[娛??]?獸?物??????師，???buff??石??),17-Jul-19,7138,708.9865,94,3,8,14,18,1391.915
EUn9QZMVKG4,[娛??]Z神??牧-累犯壞?復活?復活??葬???復活?(?石??),19-Jul-19,11432,1447.4921,123,8,35,23,16,2511.853
pavJbqa3_6c,[娛??]跟?一?-不知????麼?？那就玩對??吧??石??),21-Jul-19,27092,2688.2887,281,17,52,69,45,6459.366
fEg4vVnqeLU,[娛??]大大決鬥??死亡之翼，咱??v1見吧??石??),23-Jul-19,17572,1737.0624,216,9,31,59,36,3952.096
aKWgY60cp_E,[?石大?決]#6 ???vs機?????上古之???神?對決??石??),25-Jul-19,11989,1259.7181,113,8,4,11,18,2268.303
uq5s5KHV_FE,[娛??]奇????????太old school了吧!(?石??),27-Jul-19,8276,825.4819,89,4,10,11,22,1765.473
inxHvn4d4ds,[?焰節?輯]大戰15000血??！無?snip-snap立大??!(?石??),29-Jul-19,24996,3425.8972,155,19,10,27,18,4331.54
B-t6R8uRgjw,[娛??]多?安???-轉?多?安?秀combo??石??),31-Jul-19,13327,1710.8954,133,9,15,18,22,3060.05
yeocdBt9buw,[?石大?決]#7- 50%?賽對決，?套??己組?套?????feat.?????石??),2-Aug-19,7401,770.3362,72,5,4,9,17,1032.582
6NahvmrfnQQ,[?卡測試]??諾??任??帥氣?畫秀?場??石??),5-Aug-19,19543,1860.1862,155,15,5,28,19,4078.862
bjkwhZQLbUA,[?卡?]奧丹姆?護者???~?????????麼?覺?是??QQ(?石??),5-Aug-19,5665,479.0233,50,2,3,11,27,694.908
HWJHNlIycnU,[?卡測試]見?幫眾大???????威???(?石??),6-Aug-19,12180,968.9731,106,8,2,10,6,2092.655
4BiChiDG2Mk,[???]?斯任????首日?強?馬?究??否??強勢??(?石??),7-Aug-19,26173,2895.0844,227,11,137,83,47,6199.161
EtRhv1NMULg,[???]??任??????寶寶碰???裹屍?，???容??(?石??),8-Aug-19,31020,3111.7055,604,31,202,126,61,8246.979
UeH61WDl9d8,[???]??任?????被高估?任??!一起?實??玩?吧??石??),9-Aug-19,23134,2503.5752,494,11,59,71,56,5309.166
PScomhFImWY,[???]?制大??一言不?就?賽?三張??箱???三波??石??),10-Aug-19,29848,4092.1348,822,32,83,123,71,7083.922
aLJw5h_1Zxo,[???]???????大?賽佛???究????(?石??),11-Aug-19,18704,1883.0548,192,14,40,35,46,5140.97
A1fbvrL0iIM,[???]??任???許?一次?不?？??大師?任?，許願許?爽??石??),12-Aug-19,34823,4423.6362,476,34,190,106,65,9468.734
DAb8Zb9FCv4,[娛??]節奏任?戰-?票認????任??!不玩???麼??????(?石??),13-Aug-19,22112,2039.3855,909,21,14,92,90,5813.727
e5ModNAn9nc,[???]?快??密?-?霧親??速???轟炮師?言不?就?射?(?石??),15-Aug-19,16998,1549.7137,279,17,111,49,42,4025.657
AY14aPkXyYg,[娛??]??巨?決鬥???強?費怪??大大?組而??傳說?下?(?石??),17-Aug-19,35007,3357.3338,616,29,93,145,157,7713.231
USHqgAWlGFE,[娛??]歷史????-標?模?，??????玩?!(?石??),19-Aug-19,16044,1596.3951,365,15,38,50,48,3816.91
IRiOynCr-Q4,[主??]禿鷹幫眾???????，??自己給?????(?石??),21-Aug-19,19693,2086.0811,346,15,59,57,55,4766.82
Zg618_h0iHA,[娛??]?斯法???稜彩????，瞬?滿??下?(?石??),23-Aug-19,13705,1414.0469,247,7,37,23,36,3402.355
_WN0ZOs0avQ,[?石大?決]#8-??決鬥?惡??水??!洋?表示，單??～feat.?水洋? (?石??),25-Aug-19,14155,1575.2523,197,12,9,23,47,2414.67
MBFVByVkhT4,[娛??]???戲體???血????????弟?(?石??),26-Aug-19,22563,2140.9237,373,22,18,55,60,6851.408
1872_lxkl4c,[???]機械?????學??後???希?以??能??~(?石??),29-Aug-19,9209,902.6282,168,11,36,22,43,2874.018
pNTTgJH4rYY,[?石?播]交大網路vs??平板 Round2,31-Aug-19,3200,843.7957,38,3,1,9,505,0
eAzx31dqZ-A,[強勢?]??快攻??????到什麼?，????芬?爵士?(?石??),5-Sep-19,12221,1277.982,127,6,37,18,21,3208.756
yhGO2-ZsJn4,[娛??]泰絲任???泰絲勸?討人???覺?吧??石??),11-Sep-19,13577,1894.6282,170,12,31,26,29,3221.583
xVORVoidnEw,[娛??]??????????龍???????(?石??),14-Sep-19,10340,1022.0576,199,9,8,25,37,2920.077
Nl5nPRYyJl8,[強勢?]???頭???放一張???強?完???=風怒收??!（??戰?,18-Sep-19,12218,1155.3061,249,3,33,35,65,3379.594
983n6Hrgmxo,[巫師??]?石帳?被?事件說?，申訴?程?次?訴???石??),21-Sep-19,10034,672.3629,183,12,10,25,53,760.66
4-wsSDjlskQ,[娛??]?葬任??????諷??血????!(?石??),24-Sep-19,12366,1308.4761,219,9,77,30,49,2588.2
NszK47LQj2I,[強勢?]??快攻???到?卡?利，??炫?一波?(?石??),27-Sep-19,9419,1023.3022,132,10,28,27,34,2277.935
HTuUva12etQ,[???]??任????風殘?，?波極??殺???!(?石??),1-Oct-19,9562,1010.9564,157,9,15,17,29,2326.485
MuabVy2hZpo,[???]???肯?誰說?無?德，就不用???哮??石??),4-Oct-19,7638,675.5352,132,6,7,21,25,1568.767
lORmL9zUORg,[?石大?決]#9 ?基?vs?傳說??客家人?歐洲人?對決!(?石??),9-Oct-19,8622,565.6581,124,17,6,12,59,1504.866
4k7yYoIfL08,[娛??]死聲?制????若???種?諷???死對???石??),19-Oct-19,8905,842.5621,144,10,49,14,45,1736.182
hx5i4ksAbzg,[娛??]???第????接跳??!?薩??神偷????石??),23-Oct-19,22536,2109.1254,235,26,33,33,44,5586.549
dKknxMiKPS8,[娛??]完全棄?????整套????隨機?????(?石??),2-Nov-19,15143,1799.7421,166,9,23,24,37,4306.067
ZVd5YCq2Bxw,[?石?播]???說禮?五啦，?????好玩???石?走?,6-Nov-19,10130,3374.3702,98,23,9,6,286,722.336
p29RgjgX9PU,[???場]??機械?快速???強?機械????石?走?,7-Nov-19,17727,2406.1187,127,20,11,14,23,3894.563
VyeLZD-yqLE,[?石?播]今天來試試?機械以???派好??石?走?,8-Nov-19,8367,3892.3697,56,12,3,8,822,563.638
J80dtbytpw0,[???場]?吼魚人?40血魚人?長?!魚人也能變大屁股????石?走?,10-Nov-19,15366,2336.6225,100,12,6,23,16,3111.133
iedviQEhVgY,[?播精華]???場-???頭??沒???變??澤魯斯神carry?!(?石?走?,12-Nov-19,10434,1579.2346,67,17,1,10,12,1404.92
DmNtyV26Ya8,[???場]??????吼?次，戰??棚?究?????血????(?石?走?,20-Nov-19,27301,4232.3954,153,63,13,40,42,6723.444
CjCSjAldLEw,[娛??]??龍戰-龍?就是帥????史詩?(?石??),30-Nov-19,5797,648.9512,111,7,7,9,15,999.177
OIit134SBXg,[娛??]節奏嘲諷戰-?頭人、方???揮官…誰??石??),10-Dec-19,5232,424.3041,80,4,3,4,10,733.454
Xf7OrGG_dX0,[???]????快攻?祈?比想?中強??!(?石??),11-Dec-19,26197,3140.9252,215,15,161,65,36,4987.694
ruMtokUkHFg,[???]??龍?-??紅???帥氣?場??石??),12-Dec-19,10606,1046.1812,128,7,68,21,31,2155.515
EgBDfRrqy6M,[???]??奇??奇?賊強??歸?三?硬幣?強大???(?石??),13-Dec-19,18796,2168.5513,219,10,129,61,42,3832.95
5RnRdgxFij4,[???]快攻??龍獵-中?龍?崛起！?類?始?起頭?!(?石??),14-Dec-19,15594,1468.8263,292,12,90,64,39,3406.547
64daXAaQNaw,[娛??]?中立?-?職業?，強度?外?????!(?石??),15-Dec-19,14697,1412.6959,219,10,45,36,44,3577.529
AsM7ebhESL0,[?石大??]競??????面?選三費以?，??是觀?選??,17-Feb-20,10230,2400.97,117,1,3,36,5534,719.677
_ngbbjhVnaE,[魔?棋]3?亥??羅曼混?流?6種?絆傷害破表??—傳說?法?,26-Mar-20,15841,1322.8061,67,19,42,31,18,2327.091
6F8UAsnFfhs,[?石?播]?卡?起來???外?，?要???,5-Apr-20,3450,441.8545,72,6,3,4,229,208.194
5jiain9qvA8,"[?石]廢?棄??廢?小鬼??製??人??妙????爾丹?首?""??抽！——??戰?",12-Apr-20,14927,1356.4006,252,7,77,39,29,2095.873
VNoAG0Hm2Wc,[娛??]節奏任?戰-被遺忘?任?!?任????較強?任???!－??石??,20-Apr-20,11153,1195.1746,164,6,11,19,51,1965.472
UAERHjzTKms,[OTK]?人??衝?2020?度?歸?!?兩?????接?頭!－??石??,22-Apr-20,9163,926.9327,169,6,12,10,34,799.533
qtneNEpfnlw,[LoR]???英??介紹EP1-?影島?綠?滿照???????－?符?大地?說,28-Apr-20,17775,980.9005,308,42,28,169,55,1273.29
lijN72AZGC4,[LoR]納?魯斯海?7?3/13???!??終於上???－?符?大地?說,29-Apr-20,28482,1933.1101,289,15,61,206,62,2073.86
O6bJKa7zH5Y,[LoR]?摩種????????裡種滿??吧!－?符?大地?說,2-May-20,32403,2524.2148,453,48,412,334,101,3050.964
7oXiEAc8q_g,[LoR?報社]?艾X??娜控??天梯強勢???薦EP1－?符?大地?說,7-May-20,19463,1554.1989,244,22,109,172,43,2193.04
sbwBeMj_bBw,[LoR]??洗??無???otk?!飲雲飛鯨?身?－?符?大地?說,24-May-20,20073,1545.503,329,15,169,135,47,2015.35
L8KPOeQODuA,[LoR?報社]?艾?溫??海????溫，???下直????!－?符?大地?說,27-May-20,11248,1137.4025,144,6,13,46,27,1350.674
nFMdQgC-Uuw,[LoR]飛斯?摩??屁孩二人?!?討人???隻一費英??起煩死???－?符?大地?說,11-Jun-20,15169,1342.3477,241,12,28,73,45,1856.021
r9WGZn1zeDs,[LoR?報社]泡麵?菲??強勢???享!?費?台?起?－?符?大地?說,15-Jun-20,7376,828.4718,129,7,16,29,36,702.853
OCPsmTzhohw,[LoR]??之?-蹲?越?，普羅??,30-Jun-20,3837,850.0316,58,3,2,11,590,231.773
nEkPs4QQ8kE,[LoR]貓劫漢?-?卡武鬥????七場對戰精華一次??－?符?大地?說,4-Jul-20,7055,629.1435,122,4,15,9,15,1108.797
XkCE_94xW0w,[???]魚人任???群?buff?倍就?????職業?人???－??石??,15-Jul-20,3338,310.9167,84,1,4,3,18,287.847
 -tKafnufeR4,[LoR]??????翼鷲騎士buff起?極??!????????－?符?大地?說,19-Jul-20,3510,355.1213,77,2,2,5,16,564.944
B1hvRQFKfXE,[娛??]???任??-??????起?!?卡?盾魚人太??－??石??,22-Jul-20,7232,916.0043,107,3,15,17,23,1285.686
ac-Z5dvUp3E,[?石??]?傷快攻??自己?來?得優??血?巨人大?????—通?學院,9-Aug-20,12083,1160.527,196,5,35,30,22,1925.108
mT0WsKSLx0E,[?石??]碎??獵?制-?????臨！?快??????害！——通?學院,10-Aug-20,10881,1109.0968,212,7,46,23,35,1398.764
hRIN6L2dRj0,[?石??]快攻Buff??一費???標??!?滿血Buff???維?人！——通?學院,11-Aug-20,14423,1415.2171,234,12,54,45,40,2054.401
uM4l7NHf_tA,[?石??]?決鬥?-終???????決鬥絕?不??!?—通?學院,12-Aug-20,16712,1744.4189,277,9,38,36,37,2353.087
by5pk-dbqUc,[?石??]巨??騰???騰巨?複製起?！戲法?騰?奇逆??!?—通?學院,13-Aug-20,10674,1043.5107,237,17,41,35,48,1684.977
pYqKrB5Sw9c,[?石??]大惡魔惡??上古?無?犬太帥了?大大???人秀起?！——通?學院,14-Aug-20,9690,850.4307,205,7,20,15,31,1888.677
UDSPV109ZsU,[?石??]純偷?牧-??師?combo?????!你??就????！?－通?學院,15-Aug-20,12473,1601.5931,232,10,30,28,32,1298.554
uFTwhJ7kRIo,[?石??]??任????玩筆?學?不斷?進出???死人啦！——通?學院,16-Aug-20,9039,1030.3371,162,7,8,12,25,1412.093
RoMHJ6luQuw,[?石??]主任????主任?鬆破????一??/4????巨??!?—通?學院,17-Aug-20,12405,1349.2946,222,9,22,20,35,1669.097
HVsKMVEA_Ro,[?石??]死聲?獸???大????對??????！?－通?學院,18-Aug-20,10569,998.9667,245,8,33,26,42,1587.027
9Zqs50Pc3iw,[?石??]死聲大大??精??大大?組?決?維??斯複製大怪死???—通?學院,19-Aug-20,13144,1697.08,320,10,23,31,60,1121.485
BFMW4-i54PI,[?石??]血?任?獵-5?4/14血?使???氣！犧?????造就他?帥??—通?學院,20-Aug-20,10356,1044.2366,188,7,17,25,26,1515.335
6Ai-SJP3V6I,[?石??]?長?治?德-維??斯複製一波長??滿場?諷??完?－???學院,21-Aug-20,14263,1818.4763,234,14,56,34,41,2241.87
NwmdXArj5Dk,[Fall Guys]?個??適???去??巫師?躺?卻一?碰?競??卡!?—?豆人,21-Aug-20,3298,362.1451,105,7,9,4,27,442.782
APybbsoQxMQ,[?石??]復活?牧-???賽就好?一??製?子?他凱??！?－通?學院,22-Aug-20,14198,1540.1486,318,14,49,36,55,2165.084
hiIbY3SM3ak,[?石??]法傷快攻????師一次兩??/6?!?用法??害???勢！——通?學院,23-Aug-20,8904,844.0515,191,4,11,23,25,1726.453
UlaUYbXi7u8,[LoR]?影島???-不交流???血，煩死???一套??!－?符?大地?說,23-Aug-20,7983,731.6394,140,6,18,28,21,1398.125
c8OQYpjTbHM,[?石??]變大?Token?魔??癮??????變?超強??!－???學院,24-Aug-20,10792,1043.4849,242,6,13,23,40,1586.922
4kjbbVLiOpg,[PvZ]滿場?刺??從零???步建設?學！殭屍?天??!－?植物大戰殭?,25-Aug-20,18781,2523.5479,323,13,7,74,49,2421.573
RAaanfwkQG8,[?石??]秘?奇????箭????學?速抽法?！玩起?超??combo！?－通?學院,26-Aug-20,7774,756.8475,168,3,5,8,28,851.365
SwTdvGOToZU,[?石??]?獸?殺??者?存能?殺?能Buff！好久?見?????師??—通?學院,27-Aug-20,11236,1106.9752,185,7,18,10,24,1809.502
FYrAfn7hUKw,[?石??]?????寶??抽0費?龍?高??直??殺???－???學院,28-Aug-20,7959,736.3097,174,3,8,9,28,1031.239
6NtmL040hFM,[LoR]黛?娜X夜曲-夜臨快攻流??場威?讓??無法格檔?－?符?大地?說,29-Aug-20,9206,750.2219,148,5,9,28,15,1006.341
6jpObaYe4KE,[?石??]趕?鳥牧-?信天?塞滿對???組?死者復???拿鳥?來?－???學院,31-Aug-20,12977,1419.6604,270,13,73,24,46,1384.701
387JSmzvLD8,[PvZ]?用?藥?害殭??!滿滿?末????殭?!－?植物大戰殭?,2-Sep-20,9942,1175.0968,208,7,6,34,35,1136.838
Y-zZzl9IvWY,[?石]?主流爬天梯!娛??爬起???,2-Sep-20,9712,3160.6002,203,9,5,28,1560,744.975
OMui1372OY0,[?石??]?傳說?組大對決-標??傳說vs?放?傳說?究?誰能????feat.中?之許,1-Oct-20,7285,579.804,175,7,3,7,71,817.939
6qsf71jyUHs,[?石??]?誰跟?奇?賊?起?來??,1-Apr-21,6199,291.727,236,5,9,15,93,306.449
c0GDv3Uk7Gc,[PvZ]?太?花大??EP1-巨人???來????麼??－?植物大戰殭?,19-May-21,6134,827.1954,128,8,6,24,33,285.203
g-TqLm2z94c,[PvZ]植物大戰殭??難模?EP1!Beta?模組???－?植物大戰殭?,24-May-21,3565,299.0213,101,1,6,15,28,160.856
jE8-k66PIe0,"[娛??]????-????天?????????部消????—??戰?""Dec 28"," 2019""",19857,2069.3282,278,25,43,28,40,4472.135
0uowTFbatHc,"[娛??]塑形任??塑形???轉?=滿??說!如???塔蘭姬公?! ?—??戰?""Dec 21"," 2019""",14145,1406.9752,252,11,26,20,30,2842.604
R6jb3XmhNIA,"[娛??]變大??械德-??變大??德魯伊??帥??體??—??戰?""Dec 25"," 2019""",11099,1017.6,215,6,33,24,46,2602.621
e3b9i5UJJeo,"[?石?播]??天梯?羽毛?，網路許???以???場??""Nov 15"," 2019""",4284,1954.8916,22,2,2,2,332,262.075
UIgUTNwHBfQ,"[PvZ]密?!一?格子??殭屍??!?—??大?殭?""Jul 25"," 2020""",78770,4363.8474,1206,57,71,423,94,8037.15
gnDI7fa48ZA,"[LoR]?鳥下?-?爭之?大大??！???一?大??起??????—符?大?傳?""May 10"," 2020""",40765,4247.4322,460,62,283,297,76,5677.945
taTZN8JuqqI,"[LoR]?命伊澤，?覺?秀????!?命????超帥!?—符?大?傳?""Apr 30"," 2020""",33400,3016.7711,361,33,71,320,63,4154.684
xyME7ur3Csg,"[LoR]貓劫?臨??-5?0/30?????!???瑪一次叫?隻！——符?大?傳?""May 18"," 2020""",29327,3257.2211,344,32,150,197,55,2655.627
CwvgX56OfIw,"[平??]?騰??超便宜?強?????!節奏?快??上?！——??戰?""Apr 16"," 2020""",26017,2291.1065,475,11,443,137,54,4311.305
kqKZV6L198Y,"[LoR]布?姆??殺?死???讓?變???強??敢??下傷害吧！——符?大?傳?""May 21"," 2020""",24686,2313.1889,306,14,121,158,64,2915.734
csfZnrgsKfM,"[娛??]一?普??被????表給騙?！???一?普羅???主堡！——符?大?傳?""Mar 8"," 2020""",24358,1818.0863,204,13,172,81,24,3052.206
FgMbp2fJLRw,"[?石]任?秘????秘???對?，就??魔獵人?不放??!?—??戰?""Apr 8"," 2020""",21397,2473.8223,327,11,181,78,67,3127.197
fgXc_xcR_DQ,"[LoR]飛斯?????主流????上白??小?術??當?制??!?—符?大?傳?""May 5"," 2020""",20448,1987.3872,231,11,88,138,40,2976.098
uprGrRhXdRc,"[?石]??術?-?放法?也能??!???發=5費火源??—??戰?""Apr 9"," 2020""",19960,1850.8597,241,9,109,58,33,2576.669
s3K6ZdsIyqQ,"[平??]??快攻-?兩天就?????強??!???勢不可??主堡！——符?大?傳?""Feb 18"," 2020""",19130,907.3333,174,5,69,64,45,2193.035
2slYd6iXQpg,"[PvZ]?用??????模??難?!?面?太好用???—??大?殭?""Aug 4"," 2020""",19064,2061.4294,291,7,4,112,49,1121.95
Ar8O9hBQT-I,"[LoR?報社]德瑪中?強勢???薦！?種優質??強壓??—符?大?傳?""May 12"," 2020""",18807,1353.2134,215,11,78,157,45,2108.28
9CTZymKl0h4,"[PvZ]密?!食人????！?次?下??殭?!?—??大?殭?""Jul 29"," 2020""",18152,1130.2574,306,3,5,80,34,1033.769
nSvt9ywk6jc,"[LoR]?斯????平??????上大師???主堡，其他都不管！?－符?大?傳?""Jun 5"," 2020""",17952,1442.3042,289,28,124,78,55,4032.337
fUy-2SX_BB4,"[?石]???制????德倫給你滿??費?契??????登???—??戰?""Apr 11"," 2020""",17710,2105.6101,212,5,104,52,40,2816.802
GVkkgDvP90E,"[娛??]G8?????師大改?卡?起來?對??爾?斯德?演鬼之逆??!?—??戰?""Mar 28"," 2020""",17129,1829.6316,276,13,92,35,43,2860.559
SxeVfx8SKz0,"[LoR]???群&毛茸??心?超可??????！——符?大?傳?""May 14"," 2020""",16947,1349.5046,269,18,73,93,45,1633.034
EikQ7KHcBdI,"[娛??]????020年?度?歸???椎?龍蝦??下?強吧！——??戰?""Apr 15"," 2020""",15488,1613.4103,221,12,39,30,45,3189.667
ftkMTdn4eFU,"[??學院]??大大戰-?路大怪帥???殺?死?血骨????—??戰?""Aug 8"," 2020""",15377,1680.9738,277,9,52,39,37,2390.832
DKamwEbyAtU,"[娛??]????????德?費後?大???強?後入?!?—??戰?""Apr 25"," 2020""",15255,1774.1804,236,15,19,38,36,3391.517
LwfASNGEQMg,"[娛??]法??公???公之拳讓??????怪?法???龍大?叫?波！——??戰?""Feb 5"," 2020""",14561,2121.983,221,8,58,28,44,3731.2
q6b1bNkE9ak,"[OTK]衝????超白????不?天???!?出衝????頭！——??戰?""Feb 2"," 2020""",14400,1531.4891,712,16,29,36,48,3429.7
M8AZNz3wyQM,"[PvZ]?用一?通???模??難?!?兩??算?麼??—??大?殭?""Aug 12"," 2020""",14236,1600.2969,241,5,6,42,47,1589.634
_ai6pwJJB3w,"[LoR]????-?盾+?戰???????鋼????上盾！——符?大?傳?""Jun 2"," 2020""",13569,1586.9198,192,14,30,59,48,2739.819
18HkhrsfNGw,"[LoR]?影島???-巨?食人?藤?滿????4/3就是??！——符?大?傳?""Jun 19"," 2020""",13369,1529.6034,206,7,25,51,25,1301.644
5ziRq-LpnI4,"[娛??]???豪??????中花塵?很貴??豪戰?——??戰?""Feb 1"," 2020""",13280,1350.8324,214,13,13,25,60,2868.319
WaGFdwN9mT8,"[娛??]????????滿對???，抽???部變??!?—??戰?""Jan 16"," 2020""",13069,1507.1858,201,8,23,19,28,3793.476
4PH8tWXnoBc,"[?放?]?諾?諾?諾?三種??一次滿足??????模式T1級??!?—??戰?""Feb 17"," 2020""",13050,1569.005,204,20,26,21,50,3392.243
xG7xfli2VkA,"[PvZ]???卡#1-???年??!???卡你??????—??大?殭?""Jul 31"," 2020""",12966,939.1705,220,2,5,61,40,1376.961
UA9CV9XY7aM,"[?石]死聲????????索?次???0/10衝刺！武裝豪豬噴?噴！——??戰?""Apr 10"," 2020""",12771,1321.9763,322,18,104,31,40,658.507
aSCPAIe0pzw,"[娛??]?怪糯米牧-12?費?術??森?爽?抽！亡??怪嘲諷?起?！——??戰?""Jan 30"," 2020""",12631,1720.0747,209,7,32,23,38,3424.396
PaLAWCIYshs,"[娛??]飛翼大大????卡???新???!16血?諷??波大???—??戰?""Jan 23"," 2020""",12419,1202.1015,198,10,46,23,23,2882.695
cWVpQ5u7jZI,"[?石]潛??潛?躲??摸對面???接?氣?起來??—??戰?""Apr 13"," 2020""",12183,1127.9409,207,8,34,21,35,2007.652
VbTqK4ILa4k,"[LoR]跳費龍獸-後???超強???!翺銳龍獸太帥???—符?大?傳?""Aug 28"," 2020""",11986,1168.6829,170,7,21,34,30,2408.98
2IZfKtQPFrU,"[LoR]海怪探底?-??後能起???如?調適??心?？——符?大?傳?""May 30"," 2020""",11947,1309.1043,171,8,14,59,46,1447.034
1TvZeydywwk,"[PvZ]???卡#2-大晴天?沒鋪?皮????!?正?只?用三?！——??大?殭?""Aug 20"," 2020""",11719,934.5455,188,5,1,39,32,1343.362
FzkN924-wtY,"[?石]死聲複製??滿場歐爾一次復活??爽?面!?????鳥～——??戰?""Apr 14"," 2020""",11641,1211.2794,253,15,31,27,46,1316.623
nqSAOo5YW6w,"[娛??]決鬥??????廢??巨??大怪都???????—??戰?""Apr 17"," 2020""",11554,1042.3004,206,7,14,30,29,1928.335
aas8Hoc0758,"[娛??]?中???????淨?者??整套?組??無中???!?—??戰?""Jan 27"," 2020""",10488,1100.0672,205,11,15,24,35,2874.044
oLIdIwTc3BM,"[娛??]????槍???吼???好?滿！?對???也出不??!?—??戰?""Apr 5"," 2020""",10484,1145.7986,170,2,17,22,31,1615.114
sFQx8HwJjws,"[?放?]?古神X????-五?信仰賊??????抽??費古神吧?上?)?—??戰?""Mar 4"," 2020""",10139,1156.5231,277,10,10,25,36,2751.602
LpH32omeoEk,"[??學院]守護?德-大???起?！凱?薩??度?秀！——??戰?""Aug 7"," 2020""",9933,852.6378,149,4,34,16,29,1303.936
iXzE66fPzUI,"[娛??]祈??????人節?輯！?對??出綠色???吧!!!?—??戰?""Apr 1"," 2020""",9891,1033.5419,221,7,10,28,39,1611.197
kizOlZ0PzNU,"[娛??]?鷹???一?/3??流火?!??任??害?起來??—??戰?""Feb 23"," 2020""",9522,928.0817,235,6,47,17,25,1904.732
Agt4NeC8oAk,"[娛??]今??康橋牧-??????沉?，?默是今??康橋。——??戰?""Feb 21"," 2020""",9511,830.2615,223,6,32,21,35,2149.112
82FSZvDUVZQ,"[娛??]快攻??????軟泥Buff起?！牧師???快攻?!?—??戰?""May 8"," 2020""",9420,743.4542,181,8,45,25,54,1182.727
zYjh6cg4haw,"[娛??]??龍???天鰭魚人超凱??!?放一張照?天?鰭兵!?—??戰?""Jan 13"," 2020""",9264,1014.1943,165,7,19,16,22,2705.953
A32j4qnXo74,"[娛??]??巨???爪???日槌???!讓人?想不到?Otk?!?—??戰?""Jan 6"," 2020""",9214,734.5196,161,3,7,8,22,1613.545
ZuMb05rHBkQ,"[娛??]?火???T6?出21/21大???!?火?息?速濾???—??戰?""Mar 6"," 2020""",8687,947.6196,154,7,41,18,28,2206.3
qOVQPkIaar0,"[?放?]平??豪??0魔塵也能??7?說???!快拿?????耀???—??戰?""Feb 25"," 2020""",8534,594.3036,122,6,10,12,21,1454.513
IeQWxpt0aQc,"[娛??]客家決鬥???便宜?大怪?決鬥！活????超大???—??戰?""Feb 14"," 2020""",8524,741.4862,174,3,11,17,31,1853.074
O8FD_EvXWsU,"[?石??]14?怒者?-?種?怒者??????石大??中????一??!－??石大???""Aug 30"," 2020""",8395,749.9791,235,7,6,8,37,1233.353
Fw87nfuUhtc,"[娛??]?倍?密?-神??戰???揮官??op?!以眼?眼一次??發！——??戰?""Aug 2"," 2020""",8338,963.4412,156,4,13,14,30,1003.319
K1f1O-SZpRE,"[娛??]?????活??雪崩好??？兩??/6壓垮對面！——??戰?""Jan 24"," 2020""",8285,822.2466,148,10,5,14,27,2124.297
 -mTaEyrCZFg,"[LoR]?雷西????西?接???????!但????麼強?？?－符?大?傳?""Sep 1"," 2020""",8146,656.9761,120,3,11,15,23,1296.188
AEVj6izBn3I,"[娛??]奇特????T5滿場?獸???!三費?獸?逆襲！——??戰?""Feb 9"," 2020""",8145,728.0818,139,0,17,12,22,2004.432
Cq9DUN7OJWc,"[???]超???????不是贏????。——??戰?""Jan 11"," 2020""",8083,851.0699,168,5,14,15,30,2402.225
I9t8XoLcGXg,"[?放?]?札????58??來啦!!?影????31血?接秒殺!!?—??戰?""Mar 23"," 2020""",7632,610.9304,113,4,37,9,19,1059.281
Pg3ube1wgM4,"[娛??]????機????費?兩輪?術死丟?神??給?費???—??戰?""Feb 29"," 2020""",7186,841.2905,114,5,18,8,18,1411.902
LmA1VHYZWCM,"[LoR]?努???好??在天?飛?群?齊???一波??—符?大?傳?""Jul 16"," 2020""",7183,649.7622,123,7,14,16,14,571.974
l7ONnupjL0s,"[LoR]????踢Otk！??腳??主堡！?－符?大?傳?""Jul 6"," 2020""",7169,683.8225,111,9,11,19,20,980.842
UXb2uuLyC5w,"[OTK]?兩??-??硬幣一?殺！?魚???你嗨?發！——??戰?""Jan 31"," 2020""",6892,708.0856,115,2,17,4,29,1860.056
pXFpMAqMvL4,"[???]魚人棄??來人餵?人?廢???巫師???魚人系?！——??戰?""Jul 12"," 2020""",6787,653.303,152,4,23,22,33,902.38
7EN-Q7JZTD8,"[娛??]?????人-尼斯?德?斯帥氣?場！?路冷?DH???入！——??戰?""Jun 8"," 2020""",6661,633.1664,184,7,14,15,43,940.699
DRY9RKwUr30,"[LoR]?命?瑪-超惱人偷??！?????人???????威逆??!?—符?大?傳?""Jul 2"," 2020""",6632,770.192,140,9,9,24,32,725.843
za-XzVymojs,"[LoR]??快攻-你?得到??但???不到??越????接?主???—符?大?傳?""Feb 27"," 2020""",6475,435.0474,69,2,51,11,10,717.685
5nVen86Sc5g,"[?石大??]#7 棄???????放?業?????隨機職業?！——??戰?""Mar 20"," 2020""",6167,515.9216,112,3,7,11,21,956.538
DraihJcwV78,"[OTK]彌米?任??-?走??車?起?！?米倫?首帥??身??—??戰?""Mar 10"," 2020""",6060,551.0605,119,1,5,5,36,956.554
mM07YQ_4nA0,"[???]幫眾快攻?黑?法老X幫眾總管?爾?????幫?????吧！——??戰?""Mar 2"," 2020""",6023,612.3822,136,3,18,7,18,1537.749
RV0zkivA11s,"[娛??]?爾中速獵-納?????起?！好多????頭?????—??戰?""May 16"," 2020""",5857,449.668,129,6,3,5,18,317.315
josZnzKQ4kE,"[娛??]??複製????越?越??!一費護從?好用！——??戰?""May 26"," 2020""",5742,533.4461,165,3,18,12,41,669.462
9tnongkbHYo,"[???場]??????-??一????說自己?????就???...(積?6200+)?—??戰?""Mar 14"," 2020""",5726,804.0093,110,4,3,5,21,1115.249
pQXuKxb59JE,"[?石大?決] #10-決鬥?VS復活???路神獸大顯身?！——??戰?""Jan 20"," 2020""",5420,400.7346,92,14,6,3,29,942.896
9XI5jdaT3EM,"[?戲試玩]?陽師百??-山??器?勢流?超好???代?風策略????！——陰?師????""Jan 25"," 2020""",5298,317.3352,72,4,20,18,24,919.483
3ZCBhy-ZoBo,"[LoR]???摩-?摩請?????，豬女?對??冰！——符?大?傳?""Jul 8"," 2020""",4637,510.8445,99,4,5,12,18,587.79
o1sFzYZf6K8,"[LoR]被遺忘??女?!被環境唾棄???娜控?QAQ?—符?大?傳?""Jul 13"," 2020""",4456,491.87,85,4,3,7,21,511.24
_rN7sr9zGMw,"?森?公?幫影??音，以?吵?室??""Jul 14"," 2020""",4306,187.9705,309,2,15,15,78,308.095
kdGyukiaKug,"[?播精華]??????(?輯:Mr.Mud)?—??戰?""Apr 7"," 2020""",4253,130.3823,85,0,7,5,18,187.779
TxscTHM0wWI,"[娛??]?獵魚人-一??張古?丹之顱?!?爾丹表??D?劣?——??戰?""Jul 17"," 2020""",4074,431.0494,96,1,6,9,19,346.52
DrfnTmwnaLM,"[LoR]巨大泡泡???承實?室??泡泡???毒瘤！?－符?大?傳?""Jul 28"," 2020""",4045,358.9126,100,3,5,7,33,309.853
TOeoJwkErkg,"[LoR]?火??-?頸殺冰???combo！史?妮?部?起來??—符?大?傳?""Jul 10"," 2020""",4034,410.3557,77,1,3,8,18,503.138
z0DEwH1Adgo,"[娛??]祈?大大?0費大?4??！????單?逆?！——??戰?""Jun 27"," 2020""",3632,472.0128,76,4,9,4,21,306.802
vU2FpoKb8kI,"[?石大?決]#11-巨?大戰?0%?歪大戰!歪???形容?就?這群巨?!?—??戰?""Jul 11"," 2020""",3557,350.9791,75,2,2,1,12,229.063
k7mYQ7l_RrQ,"[PvZ]?種水?????模??難?!殭??本走??水上??—??大?殭?""Apr 25"," 2021""",5662,598.0434,140,9,9,21,43,379.247
6APS980F7DY,"[PvZ]????人花?!植物大戰殭??難模?EP2!?—??大?殭?""May 29"," 2021""",3666,298.264,82,2,3,10,21,151.031
